model,battleground,mean_signed_error
ewma_03_lw,True,-0.01938027080849901
ewma_03_lw,False,-0.030769927029539252
ewma_03,True,-0.015816811796856466
ewma_03,False,-0.029711316021199877
ewma_01_lw,True,-0.021696818860717535
ewma_01_lw,False,-0.03265528448762029
ewma_01,True,-0.020039476968471626
ewma_01,False,-0.03284600359247974
ewma_1,True,-0.009007415582855586
ewma_1,False,-0.029363445691776686
